# lon,lat decimated Natural Earth 110m coastline (public domain)
-163.713,-78.596
-163.106,-78.223
-161.245,-78.38
-160.246,-78.694
-159.482,-79.046
-161.128,-79.634
-162.44,-79.281
-163.027,-78.929
-163.713,-78.596
-6.198,53.868
-6.033,53.153
-6.789,52.26
-8.562,51.669
-9.977,51.82
-9.166,52.865
-9.689,53.881
-8.328,54.665
-7.572,55.132
-6.734,55.173
-5.662,54.555
-6.198,53.868
141.0,-2.6
142.735,-3.289
144.584,-3.861
145.273,-4.374
145.83,-4.876
147.648,-6.084
147.891,-6.614
146.971,-6.722
147.192,-7.388
148.085,-8.044
148.734,-9.105
149.267,-9.514
150.039,-9.684
150.802,-10.294
150.028,-10.652
148.923,-10.281
147.913,-10.13
147.135,-9.492
146.568,-8.943
146.048,-8.067
144.744,-7.63
143.897,-7.915
143.286,-8.245
143.414,-8.983
142.628,-9.327
141.034,-9.118
140.143,-8.297
139.128,-8.096
137.614,-8.412
138.039,-7.598
138.669,-7.32
138.408,-6.233
137.928,-5.393
135.989,-4.547
135.165,-4.463
133.663,-3.539
133.368,-4.025
132.757,-3.746
131.99,-2.821
133.067,-2.46
133.696,-2.215
132.232,-2.213
131.836,-1.617
130.943,-1.433
130.52,-0.938
131.868,-0.695
132.38,-0.37
133.986,-0.78
134.423,-2.769
135.458,-3.368
136.293,-2.307
137.441,-1.704
138.33,-1.703
139.185,-2.051
139.927,-2.409
141.0,-2.6
114.204,4.526
114.6,4.9
115.451,5.448
116.221,6.143
116.725,6.925
117.643,6.422
118.348,5.709
119.182,5.408
118.44,4.967
117.882,4.138
117.313,3.234
118.048,2.288
118.997,0.902
117.812,0.784
117.478,0.102
117.522,-0.804
116.56,-1.488
116.534,-2.484
116.148,-4.013
114.865,-4.107
114.469,-3.496
113.756,-3.439
113.257,-3.119
112.068,-3.478
111.703,-2.994
110.224,-2.934
110.071,-1.593
109.572,-1.315
109.092,-0.46
108.953,0.415
109.069,1.342
109.663,2.006
110.396,1.664
111.169,1.851
111.37,2.697
112.996,3.102
113.713,3.894
114.204,4.526
-93.613,74.98
-94.157,74.592
-95.609,74.667
-96.821,74.928
-96.289,75.378
-94.851,75.647
-93.978,75.296
-93.84,77.52
-96.17,77.555
-94.423,77.82
-93.721,77.634
-96.754,78.766
-95.559,78.418
-97.31,77.851
-98.124,78.083
-98.553,78.458
-97.337,78.832
-88.15,74.392
-89.765,74.516
-92.422,74.838
-92.768,75.387
-93.894,76.319
-95.962,76.441
-97.121,76.751
-96.745,77.161
-94.684,77.098
-93.574,76.776
-91.605,76.779
-90.742,76.45
-89.822,75.848
-89.187,75.61
-87.838,75.566
-86.379,75.482
-84.79,75.699
-82.753,75.784
-81.129,75.714
-80.058,75.337
-80.458,74.657
-81.949,74.442
-83.229,74.564
-86.097,74.41
-88.15,74.392
-111.264,78.153
-109.854,77.996
-112.051,77.409
-113.534,77.732
-112.725,78.051
-111.264,78.153
-110.964,78.804
-109.663,78.602
-110.881,78.407
-112.542,78.408
-111.5,78.85
-66.282,18.515
-65.591,18.228
-66.6,17.982
-67.242,18.374
-66.282,18.515
-77.57,18.491
-76.897,18.401
-76.365,18.161
-76.903,17.868
-77.766,17.862
-78.338,18.226
-77.797,18.524
-82.268,23.189
-81.404,23.117
-80.619,23.106
-79.68,22.765
-79.281,22.399
-78.347,22.512
-77.146,21.658
-76.524,21.207
-75.598,21.017
-74.934,20.694
-74.178,20.285
-74.962,19.923
-76.324,19.953
-77.755,19.855
-77.085,20.413
-78.137,20.74
-78.72,21.598
-80.217,21.827
-81.821,22.192
-82.776,22.688
-83.494,22.169
-84.052,21.911
-84.975,21.896
-84.447,22.205
-83.778,22.788
-82.51,23.079
-55.6,51.317
-56.134,50.687
-56.796,49.812
-56.143,50.15
-55.471,49.936
-54.935,49.313
-53.477,49.249
-53.786,48.517
-53.086,48.688
-52.648,47.536
-53.069,46.655
-54.179,46.807
-53.962,47.625
-55.401,46.885
-56.251,47.633
-57.325,47.573
-59.266,47.603
-58.797,48.252
-58.392,49.126
-57.359,50.718
-56.739,51.287
-55.871,51.632
-83.883,65.11
-82.788,64.767
-81.642,64.455
-80.817,64.057
-80.103,63.726
-80.991,63.411
-82.547,63.652
-83.109,64.102
-84.1,63.57
-85.523,63.052
-85.867,63.637
-87.222,63.541
-86.353,64.036
-86.225,64.823
-85.884,65.739
-85.161,65.657
-84.464,65.372
-83.883,65.11
-78.771,72.352
-77.825,72.75
-75.606,72.244
-74.229,71.767
-72.242,71.557
-71.2,70.92
-68.786,70.525
-67.915,70.122
-66.969,69.186
-68.805,68.72
-66.45,68.067
-64.862,67.848
-63.425,66.928
-61.852,66.862
-62.163,66.16
-63.918,64.999
-65.149,65.426
-66.721,66.388
-68.015,66.263
-67.09,65.108
-65.732,64.648
-64.669,63.393
-65.014,62.674
-66.275,62.945
-68.783,63.746
-67.37,62.884
-66.328,62.28
-68.877,62.33
-71.023,62.911
-72.235,63.398
-73.378,64.194
-74.834,64.679
-77.71,64.23
-78.556,64.573
-77.897,65.309
-76.018,65.327
-73.96,65.455
-73.945,66.311
-72.651,67.285
-73.312,68.069
-74.843,68.555
-76.869,68.895
-76.229,69.148
-77.287,69.77
-78.169,69.826
-78.957,70.167
-79.492,69.872
-81.305,69.743
-84.945,69.967
-87.06,70.26
-88.682,70.411
-89.513,70.762
-88.468,71.218
-89.888,71.223
-90.205,72.235
-89.437,73.129
-88.408,73.538
-85.826,73.804
-86.562,73.157
-85.774,72.534
-84.85,73.34
-82.316,73.751
-80.6,72.717
-80.749,72.062
-78.771,72.352
-94.504,74.135
-92.42,74.1
-90.51,73.857
-92.004,72.966
-93.196,72.772
-94.269,72.025
-95.41,72.062
-96.034,72.94
-95.496,73.862
-94.504,74.135
-100.438,72.706
-101.54,73.36
-100.356,73.844
-99.164,73.633
-97.38,73.76
-98.054,72.991
-96.54,72.56
-96.72,71.66
-98.36,71.273
-99.323,71.356
-100.015,71.738
-102.48,72.483
-100.438,72.706
-107.819,75.846
-106.929,76.013
-105.881,75.969
-106.313,75.005
-109.7,74.85
-112.223,74.417
-113.744,74.394
-111.794,75.162
-116.312,75.043
-117.71,75.222
-116.346,76.199
-115.405,76.479
-112.591,76.141
-110.814,75.549
-109.067,75.473
-110.497,76.43
-109.581,76.794
-108.549,76.678
-108.211,76.202
-122.855,76.117
-121.158,76.865
-119.104,77.512
-117.57,77.498
-116.199,77.645
-116.336,76.877
-117.106,76.53
-118.04,76.481
-119.899,76.053
-121.5,75.9
-122.855,76.117
-121.538,74.449
-120.11,74.241
-117.556,74.186
-116.584,73.896
-115.511,73.475
-116.768,73.223
-119.22,72.52
-120.46,71.82
-123.092,70.902
-123.62,71.34
-125.929,71.869
-125.5,72.292
-124.807,73.023
-123.94,73.68
-124.918,74.293
-121.538,74.449
-166.468,60.384
-165.674,60.294
-166.193,59.754
-166.848,59.941
-167.455,60.213
-166.468,60.384
-153.229,57.969
-152.141,57.591
-153.006,57.116
-154.005,56.735
-154.516,56.993
-153.763,57.817
-132.71,54.04
-131.75,54.12
-132.049,52.985
-131.179,52.18
-132.18,52.64
-132.55,53.1
-133.055,53.411
-133.18,54.17
-125.415,49.95
-124.921,49.475
-123.923,49.062
-123.51,48.51
-125.655,48.825
-126.85,49.53
-128.059,49.995
-128.445,50.539
-127.309,50.553
-126.695,50.401
-125.755,50.295
-171.732,63.783
-171.114,63.592
-169.683,63.431
-168.689,63.298
-169.529,62.977
-170.291,63.194
-171.553,63.318
-105.492,79.302
-103.529,79.165
-100.825,78.8
-100.06,78.325
-99.671,77.908
-101.304,78.019
-102.95,78.343
-105.176,78.38
-104.21,78.677
-105.42,78.918
32.947,35.387
34.576,35.672
33.901,35.246
32.98,34.572
32.257,35.103
32.947,35.387
26.29,35.3
24.725,34.92
23.515,35.28
24.247,35.368
25.025,35.425
25.769,35.354
49.544,-12.47
50.057,-13.556
50.217,-14.759
50.377,-15.706
49.861,-15.414
49.863,-16.451
49.499,-17.106
49.436,-17.953
49.042,-19.119
48.549,-20.497
47.931,-22.392
47.548,-23.782
47.096,-24.942
46.282,-25.178
45.41,-25.601
44.834,-25.346
44.04,-24.988
43.764,-24.461
43.698,-23.574
43.346,-22.777
43.254,-22.057
43.433,-21.336
43.896,-20.83
44.374,-20.072
44.232,-18.962
44.043,-18.331
43.963,-17.41
44.312,-16.85
44.447,-16.216
45.503,-15.974
46.312,-15.78
46.882,-15.21
47.705,-14.594
48.005,-14.091
48.845,-13.089
49.195,-12.041
49.544,-12.47
167.217,-15.892
167.845,-16.466
167.18,-16.16
166.793,-15.669
166.629,-14.626
167.108,-14.934
167.27,-15.74
134.21,-6.895
134.113,-6.142
134.5,-5.445
134.725,-6.214
134.21,-6.895
-48.661,-78.047
-46.663,-77.831
-45.155,-78.047
-43.921,-78.478
-43.49,-79.086
-43.333,-80.026
-44.881,-80.34
-46.506,-80.594
-48.386,-80.829
-50.482,-81.025
-52.852,-80.967
-54.164,-80.634
-51.853,-79.948
-50.991,-79.615
-50.365,-79.183
-49.914,-78.811
-49.307,-78.459
-48.661,-78.047
-66.29,-80.256
-64.038,-80.295
-61.883,-80.393
-61.139,-79.981
-60.61,-79.629
-59.572,-80.04
-59.866,-80.55
-62.255,-80.863
-64.488,-80.922
-65.742,-80.589
-66.29,-80.256
-73.916,-71.269
-73.23,-71.152
-72.075,-71.191
-71.781,-70.681
-71.742,-69.506
-71.174,-69.035
-70.253,-68.879
-69.724,-69.251
-69.059,-70.074
-68.726,-70.505
-68.334,-71.406
-68.784,-72.171
-69.959,-72.308
-71.076,-72.504
-72.388,-72.484
-71.898,-72.092
-73.074,-72.229
-74.19,-72.367
-74.954,-72.073
-73.916,-71.269
-102.331,-71.894
-101.704,-71.718
-100.431,-71.855
-98.982,-71.933
-97.885,-72.071
-96.788,-71.953
-96.2,-72.521
-96.984,-72.443
-98.198,-72.482
-99.432,-72.443
-100.783,-72.502
-101.802,-72.306
-102.331,-71.894
-122.622,-73.658
-121.212,-73.501
-119.919,-73.658
-118.724,-73.481
-119.292,-73.834
-120.232,-74.089
-121.623,-74.01
-122.622,-73.658
-127.283,-73.462
-126.558,-73.246
-125.56,-73.481
-124.032,-73.873
-125.912,-73.736
-127.283,-73.462
165.78,-21.08
166.6,-21.7
167.12,-22.16
166.19,-22.13
165.474,-21.68
164.83,-21.15
164.168,-20.445
165.02,-20.46
165.46,-20.8
152.64,-3.66
153.14,-4.5
152.639,-4.176
151.953,-3.462
151.384,-3.035
150.662,-2.741
151.48,-2.78
152.24,-3.24
152.64,-3.66
151.301,-5.841
150.754,-6.084
149.71,-6.317
148.89,-6.026
148.319,-5.747
149.298,-5.584
149.996,-5.026
150.807,-5.456
151.648,-4.757
152.137,-4.149
152.319,-4.868
151.983,-5.478
151.301,-5.841
162.119,-10.483
161.7,-10.82
161.32,-10.205
161.917,-10.447
161.68,-9.6
160.788,-8.918
160.58,-8.32
161.28,-9.12
161.68,-9.6
160.852,-9.873
159.849,-9.794
160.363,-9.4
160.852,-9.873
159.64,-8.02
159.917,-8.538
159.134,-8.114
158.586,-7.755
159.64,-8.02
157.14,-7.022
156.491,-6.766
157.14,-7.022
154.76,-5.34
155.548,-6.201
156.02,-6.54
155.6,-6.92
155.167,-6.536
154.729,-5.901
154.514,-5.139
176.886,-40.066
176.508,-40.605
176.012,-41.29
175.24,-41.688
174.651,-41.282
175.228,-40.459
174.9,-39.909
173.824,-39.509
174.575,-38.798
174.743,-38.028
174.292,-36.711
173.841,-36.122
173.054,-35.237
172.636,-34.529
173.551,-35.006
174.329,-35.265
174.612,-36.156
175.337,-37.209
175.809,-36.799
175.958,-37.555
176.763,-37.881
177.439,-37.961
178.01,-37.58
178.275,-38.583
177.97,-39.166
177.207,-39.146
177.033,-39.88
169.668,-43.555
170.525,-43.032
171.125,-42.513
171.57,-41.767
172.097,-40.956
172.799,-40.494
173.247,-41.332
173.958,-40.927
174.249,-41.77
173.876,-42.233
173.223,-42.97
172.711,-43.372
173.08,-43.853
172.309,-43.866
171.453,-44.242
171.185,-44.897
170.617,-45.909
169.831,-46.356
169.332,-46.641
168.411,-46.62
167.764,-46.29
166.677,-46.22
167.046,-45.111
168.304,-44.124
168.949,-43.936
169.668,-43.555
147.689,-40.808
148.36,-42.062
147.914,-43.212
146.87,-43.635
146.048,-43.55
145.432,-42.694
145.295,-42.034
144.718,-41.163
145.398,-40.793
146.364,-41.138
147.689,-40.808
126.149,-32.216
125.089,-32.729
124.222,-32.959
123.66,-33.89
122.811,-33.914
121.299,-33.821
120.58,-33.93
119.299,-34.509
118.506,-34.747
118.025,-35.065
117.296,-35.025
115.564,-34.386
115.049,-33.623
115.715,-33.26
115.802,-32.205
115.161,-30.602
115.04,-29.461
114.642,-28.81
114.174,-28.118
114.049,-27.335
113.477,-26.543
113.441,-25.621
113.937,-25.911
113.721,-24.999
113.394,-24.385
113.707,-23.56
113.737,-22.475
114.15,-21.756
114.225,-22.517
114.648,-21.83
115.46,-21.495
115.947,-21.069
116.712,-20.702
117.442,-20.747
118.23,-20.374
118.988,-20.044
119.805,-19.977
120.856,-19.684
121.4,-19.24
121.655,-18.705
122.242,-18.198
122.313,-17.255
123.013,-16.405
123.434,-17.269
123.817,-16.111
124.38,-15.567
124.926,-15.075
125.67,-14.51
126.143,-14.096
127.066,-13.818
127.805,-14.277
128.36,-14.869
129.621,-14.97
129.41,-14.421
129.889,-13.619
130.184,-13.108
130.618,-12.536
131.223,-12.184
132.575,-12.114
131.825,-11.274
133.02,-11.376
133.551,-11.787
134.393,-12.042
135.298,-12.249
135.883,-11.962
136.952,-12.352
136.685,-12.887
136.305,-13.291
135.784,-14.224
135.429,-14.715
136.295,-15.55
137.065,-15.871
137.58,-16.215
138.303,-16.808
139.109,-17.063
140.215,-17.711
140.875,-17.369
141.274,-16.389
141.702,-15.045
141.636,-14.27
141.651,-12.945
141.929,-11.877
142.144,-11.043
142.797,-11.157
143.116,-11.906
143.522,-12.834
143.562,-13.764
143.922,-14.548
144.564,-14.171
144.895,-14.594
145.375,-14.985
145.485,-16.286
145.889,-16.907
146.16,-17.762
146.387,-18.958
147.471,-19.481
148.178,-19.956
148.848,-20.391
149.289,-21.261
149.678,-22.343
150.483,-22.556
150.9,-23.462
151.609,-24.076
152.074,-24.458
152.855,-25.268
153.136,-26.071
153.093,-27.26
153.569,-28.11
153.512,-28.995
153.069,-30.35
152.892,-31.64
152.45,-32.55
151.709,-33.041
151.344,-33.816
151.011,-34.31
150.714,-35.173
150.328,-35.672
150.075,-36.42
149.946,-37.109
149.424,-37.773
148.305,-37.809
147.382,-38.219
146.922,-38.607
146.318,-39.036
145.49,-38.594
144.877,-38.417
143.61,-38.809
142.745,-38.538
141.607,-38.309
140.639,-38.019
139.992,-37.403
139.807,-36.644
139.083,-35.733
138.121,-35.612
138.449,-35.127
138.208,-34.385
137.719,-35.077
136.829,-35.261
137.352,-34.707
137.89,-33.64
137.81,-32.9
136.997,-33.753
136.372,-34.095
135.989,-34.89
135.208,-34.479
134.613,-33.223
134.086,-32.848
132.991,-32.011
131.326,-31.496
129.536,-31.59
128.241,-31.948
127.103,-32.282
126.149,-32.216
81.788,7.523
81.637,6.482
80.348,5.968
79.872,6.763
79.695,8.201
80.148,9.824
80.839,9.268
81.304,8.564
81.788,7.523
129.371,-2.802
130.471,-3.094
130.835,-3.858
129.991,-3.446
129.155,-3.363
127.899,-3.393
128.136,-2.844
129.371,-2.802
126.875,-3.791
126.184,-3.607
127.001,-3.129
126.875,-3.791
127.932,2.175
128.595,1.541
128.636,0.258
127.968,-0.252
128.38,-0.78
127.696,-0.267
127.399,1.012
127.601,1.811
122.928,0.875
124.078,0.917
125.066,1.643
124.437,0.428
123.686,0.236
122.723,0.431
121.057,0.381
120.183,0.237
120.041,-0.52
120.936,-1.409
121.476,-0.956
123.341,-0.616
122.823,-0.931
122.389,-1.517
121.508,-1.904
122.455,-3.186
123.171,-4.684
122.629,-5.635
122.72,-4.464
121.738,-4.851
121.619,-4.188
120.898,-3.602
120.972,-2.628
120.305,-2.932
120.39,-4.098
120.431,-5.528
119.797,-5.673
119.654,-4.459
119.499,-3.494
118.768,-2.802
119.181,-2.147
119.323,-1.353
119.826,0.154
120.886,1.309
121.667,1.014
122.928,0.875
120.295,-10.259
118.968,-9.558
119.9,-9.361
120.426,-9.666
120.716,-10.24
121.342,-8.537
122.904,-8.094
121.254,-8.934
119.924,-8.81
120.715,-8.237
121.342,-8.537
118.261,-8.362
119.127,-8.706
117.97,-8.907
117.278,-9.041
117.084,-8.457
117.9,-8.096
108.487,-6.422
110.539,-6.877
112.615,-6.946
112.979,-7.594
114.479,-7.777
115.706,-8.371
114.565,-8.752
113.465,-8.349
112.56,-8.376
111.522,-8.302
110.586,-8.123
109.428,-7.741
108.694,-7.642
106.454,-7.355
105.365,-6.851
106.052,-5.896
107.265,-5.955
108.072,-6.346
104.37,-1.085
104.539,-1.782
104.888,-2.34
105.622,-2.429
106.109,-3.062
105.857,-4.306
105.818,-5.852
104.71,-5.873
103.868,-5.037
102.584,-4.22
102.156,-3.614
101.399,-2.8
100.903,-2.05
100.142,-0.65
99.264,0.183
98.97,1.043
98.601,1.824
97.7,2.453
97.177,3.309
96.424,3.869
95.381,4.971
95.937,5.44
97.485,5.246
98.369,4.268
99.143,3.59
99.694,3.174
100.641,2.099
101.658,2.084
102.498,1.399
103.077,0.561
103.838,0.105
103.438,-0.712
104.011,-1.059
120.834,12.704
120.323,13.466
121.18,13.43
121.262,12.206
120.834,12.704
122.586,9.981
122.947,10.882
123.338,10.267
124.078,11.233
123.982,10.279
123.31,9.318
122.38,9.713
126.377,8.415
126.479,7.75
126.197,6.274
125.831,7.294
125.364,6.786
125.683,6.05
125.397,5.581
124.22,6.161
123.939,6.885
124.244,7.361
123.61,7.834
122.826,7.457
122.085,6.899
122.312,8.035
122.942,8.316
123.488,8.693
123.841,8.24
124.601,8.514
125.471,8.987
125.412,9.76
126.223,9.286
126.377,8.415
109.475,18.198
108.655,18.508
108.626,19.368
109.119,19.821
110.212,20.101
111.01,19.696
110.571,19.256
110.339,18.678
109.475,18.198
121.778,24.394
121.176,22.791
120.747,21.971
120.22,22.815
120.106,23.556
120.695,24.538
121.495,25.295
121.951,24.998
121.778,24.394
141.885,39.181
140.959,38.174
140.976,37.142
140.6,36.344
140.253,35.138
138.976,34.668
137.218,34.606
135.793,33.465
135.121,33.849
135.079,34.597
133.34,34.376
132.157,33.905
130.986,33.886
132.0,33.15
131.333,31.45
130.686,31.03
130.202,31.418
130.448,32.319
129.815,32.61
129.408,33.296
130.354,33.604
130.878,34.233
131.884,34.75
132.618,35.433
134.608,35.732
135.678,35.527
136.724,37.305
137.391,36.827
138.858,37.827
139.426,38.216
140.055,39.439
139.883,40.563
140.306,41.195
141.369,41.379
141.914,39.992
141.885,39.181
144.613,43.961
145.321,44.385
145.543,43.262
144.06,42.988
143.184,41.995
141.611,42.679
141.067,41.585
139.955,41.57
139.818,42.564
140.312,43.333
141.381,43.389
141.672,44.772
141.968,45.551
143.143,44.51
143.91,44.174
144.613,43.961
8.71,40.9
9.21,41.21
9.81,40.5
9.67,39.177
8.807,38.907
8.388,40.378
8.16,40.95
8.746,42.628
9.39,43.01
9.56,42.153
9.23,41.38
8.544,42.257
12.371,56.111
12.69,55.61
12.09,54.8
11.044,55.365
12.371,56.111
-4.211,58.551
-3.005,58.635
-4.074,57.553
-3.055,57.69
-1.959,57.685
-2.22,56.87
-3.119,55.974
-2.085,55.91
-1.115,54.625
-0.43,54.464
0.185,53.325
1.682,52.74
1.56,52.1
1.051,51.807
1.45,51.289
0.55,50.766
-0.788,50.775
-2.49,50.5
-3.617,50.228
-4.543,50.342
-5.245,49.96
-4.31,51.21
-3.415,51.426
-4.984,51.593
-4.222,52.301
-4.77,52.84
-4.58,53.495
-3.092,53.404
-3.63,54.615
-4.844,54.791
-4.719,55.508
-5.586,55.311
-5.645,56.275
-6.15,56.785
-5.787,57.819
-5.01,58.63
-4.211,58.551
-14.509,66.456
-14.74,65.809
-13.61,65.127
-14.91,64.364
-17.794,63.679
-18.656,63.496
-19.973,63.644
-22.763,63.96
-21.778,64.402
-23.955,64.891
-22.184,65.085
-24.326,65.611
-23.651,66.263
-22.135,66.41
-20.576,65.732
-19.057,66.277
-17.799,65.994
-16.168,66.527
-14.509,66.456
142.915,53.705
143.261,52.741
143.235,51.757
143.648,50.748
144.654,48.976
143.174,49.307
142.559,47.862
143.533,46.837
142.748,46.741
142.092,45.967
141.907,46.806
142.018,47.78
141.904,48.859
142.136,49.615
142.18,50.952
141.594,51.935
141.683,53.302
142.607,53.762
142.21,54.225
142.915,53.705
118.505,9.316
117.174,8.367
117.664,9.067
118.387,9.684
118.987,10.376
119.511,11.37
119.69,10.554
119.029,10.004
118.505,9.316
122.337,18.225
122.516,17.094
122.252,16.262
121.663,15.931
121.505,15.125
121.729,14.328
122.701,14.337
123.95,13.782
124.181,12.998
123.298,13.028
122.929,13.553
122.035,13.784
121.126,13.637
120.679,14.271
120.07,14.971
119.884,16.364
120.39,17.599
120.716,18.505
121.938,18.219
122.038,11.416
123.12,11.584
122.638,10.741
122.003,10.441
122.038,11.416
125.503,12.163
125.783,11.046
125.012,11.311
125.277,10.359
124.76,10.838
124.303,11.495
124.878,11.794
124.267,12.558
125.227,12.536
-77.353,8.671
-76.086,9.337
-75.665,9.774
-75.48,10.619
-74.907,11.083
-74.197,11.31
-73.415,11.227
-72.628,11.732
-71.754,12.437
-71.137,12.113
-71.36,11.54
-71.621,10.969
-72.074,9.866
-71.696,9.072
-71.04,9.86
-71.401,10.969
-70.155,11.375
-69.943,12.162
-69.584,11.46
-68.233,10.886
-67.296,10.546
-66.228,10.649
-65.655,10.201
-64.89,10.077
-64.329,10.39
-63.079,10.702
-61.881,10.716
-62.73,10.42
-62.389,9.948
-61.589,9.873
-60.831,9.381
-60.671,8.58
-59.758,8.367
-59.102,7.999
-58.483,7.348
-58.078,6.809
-57.542,6.321
-55.949,5.773
-55.033,6.025
-53.958,5.757
-52.882,5.41
-51.823,4.566
-51.3,4.12
-50.509,1.902
-49.947,1.046
-50.699,0.223
-48.621,-0.235
-48.584,-1.238
-47.825,-0.582
-46.567,-0.941
-44.906,-1.552
-44.418,-2.138
-43.419,-2.383
-41.473,-2.912
-39.979,-2.873
-38.5,-3.701
-37.223,-4.821
-36.453,-5.109
-35.598,-5.15
-34.896,-6.738
-34.73,-7.343
-35.128,-8.996
-35.637,-9.649
-37.047,-11.041
-37.684,-12.171
-38.424,-13.038
-38.953,-13.793
-38.882,-15.667
-39.161,-17.208
-39.267,-17.868
-39.761,-19.599
-40.775,-20.905
-40.945,-21.937
-41.754,-22.371
-41.988,-22.97
-43.075,-22.968
-44.648,-23.352
-45.352,-23.797
-46.472,-24.089
-47.649,-24.885
-48.495,-25.877
-48.641,-26.624
-48.662,-28.186
-49.587,-29.224
-50.697,-30.984
-51.576,-31.778
-52.256,-32.245
-52.712,-33.197
-53.374,-33.768
-53.806,-34.397
-54.936,-34.953
-55.674,-34.753
-57.14,-34.43
-58.427,-33.909
-57.226,-35.288
-57.362,-35.977
-56.737,-36.413
-57.749,-38.184
-59.232,-38.72
-61.237,-38.928
-62.336,-38.828
-62.126,-39.424
-62.331,-40.173
-62.746,-41.029
-63.77,-41.167
-64.732,-40.803
-64.979,-42.058
-64.303,-42.359
-63.756,-42.044
-63.458,-42.563
-64.379,-42.874
-65.182,-43.495
-65.329,-44.501
-65.565,-45.037
-66.51,-45.04
-67.294,-45.552
-67.581,-46.302
-66.597,-47.034
-65.641,-47.236
-65.985,-48.133
-67.166,-48.697
-67.816,-49.87
-68.729,-50.264
-69.139,-50.733
-68.816,-51.771
-68.15,-52.35
-69.461,-52.292
-70.845,-52.899
-71.006,-53.833
-72.558,-53.531
-73.703,-52.835
-74.947,-52.263
-77.882,7.224
-77.477,6.691
-77.319,5.845
-77.308,4.668
-77.496,4.088
-77.51,3.325
-77.932,2.697
-78.662,2.267
-78.991,1.691
-79.543,0.983
-80.091,0.768
-80.399,-0.284
-80.583,-0.907
-80.765,-1.965
-80.369,-2.685
-79.987,-2.221
-80.303,-3.405
-81.1,-4.036
-81.411,-4.737
-80.926,-5.691
-81.25,-6.137
-80.537,-6.542
-79.761,-7.194
-79.446,-7.931
-79.037,-8.387
-78.092,-10.378
-77.106,-12.223
-76.259,-13.535
-76.009,-14.649
-75.238,-15.266
-73.445,-16.359
-71.462,-17.363
-70.373,-18.348
-70.164,-19.756
-70.091,-21.393
-70.404,-23.629
-70.725,-25.706
-70.905,-27.64
-71.49,-28.861
-71.37,-30.096
-71.669,-30.921
-71.438,-32.419
-71.862,-33.909
-72.553,-35.509
-73.167,-37.124
-73.506,-38.283
-73.218,-39.259
-73.677,-39.942
-74.018,-41.795
-74.332,-43.225
-73.701,-43.366
-73.389,-42.118
-72.718,-42.383
-73.24,-44.455
-74.352,-44.103
-74.692,-45.764
-75.644,-46.648
-74.127,-46.939
-75.183,-47.712
-75.608,-48.674
-75.48,-50.378
-74.977,-51.043
-75.26,-51.629
-74.947,-52.263
-74.663,-52.837
-73.838,-53.047
-72.434,-53.715
-71.108,-54.074
-70.592,-53.616
-70.267,-52.931
-69.346,-52.518
-68.634,-52.636
-68.25,-53.1
-67.75,-53.85
-66.45,-54.45
-65.05,-54.7
-65.5,-55.2
-66.45,-55.25
-66.96,-54.897
-68.149,-55.612
-69.232,-55.499
-69.958,-55.198
-71.006,-55.054
-72.264,-54.495
-73.285,-53.958
-74.663,-52.837
44.847,80.59
46.799,80.772
48.318,80.784
49.097,80.754
50.04,80.919
51.523,80.7
49.794,80.415
48.894,80.34
47.586,80.01
46.503,80.247
47.072,80.559
44.847,80.59
53.508,73.75
55.902,74.627
57.869,75.609
61.17,76.252
64.498,76.439
66.211,76.81
68.157,76.94
68.852,76.545
68.181,76.234
64.637,75.738
61.584,75.261
58.477,74.309
56.987,73.333
55.419,72.371
55.623,71.541
57.536,70.72
53.677,70.763
51.602,71.475
52.478,72.229
54.428,73.628
53.508,73.75
27.408,80.056
25.925,79.518
23.024,79.4
20.075,79.567
18.462,79.86
17.368,80.319
20.456,80.598
21.908,80.358
22.919,80.657
25.448,80.407
27.408,80.056
24.724,77.854
22.49,77.445
20.726,77.677
21.416,77.935
20.812,78.255
22.884,78.455
23.281,78.08
24.724,77.854
15.143,79.674
16.991,80.051
18.252,79.702
21.544,78.956
19.027,78.563
18.472,77.827
17.594,77.638
17.118,76.809
15.913,76.77
13.763,77.38
14.67,77.736
13.171,78.025
11.222,78.869
10.445,79.652
13.171,80.01
13.719,79.66
15.143,79.674
-77.882,7.224
-78.429,8.052
-78.622,8.718
-79.12,8.996
-79.761,8.585
-80.383,8.298
-80.004,7.548
-80.886,7.221
-81.06,7.818
-81.721,8.109
-82.391,8.292
-83.508,8.447
-83.91,9.291
-84.648,9.616
-84.976,10.087
-85.661,9.933
-85.659,10.754
-86.058,11.403
-86.526,11.807
-87.168,12.458
-87.668,12.91
-88.483,13.164
-89.257,13.459
-90.096,13.735
-91.232,13.928
-92.228,14.539
-93.359,15.615
-93.875,15.94
-94.692,16.201
-96.053,15.752
-97.264,15.917
-98.013,16.107
-98.948,16.566
-99.697,16.706
-100.829,17.171
-101.666,17.649
-102.478,17.976
-103.501,18.292
-103.918,18.749
-104.992,19.316
-105.493,19.947
-105.501,20.817
-105.266,21.422
-105.603,21.871
-106.029,22.774
-106.91,23.768
-107.915,24.549
-108.402,25.172
-109.26,25.581
-109.292,26.443
-110.392,27.162
-110.641,27.86
-111.76,28.468
-112.228,28.954
-112.81,30.021
-113.164,30.787
-113.872,31.568
-114.776,31.8
-114.771,30.914
-114.674,30.163
-114.331,29.75
-113.589,29.062
-113.14,28.411
-112.762,27.78
-112.245,27.172
-111.616,26.663
-111.285,25.733
-110.71,24.826
-110.173,24.266
-109.772,23.811
-109.409,23.365
-109.854,22.818
-110.295,23.431
-110.95,24.001
-111.671,24.484
-112.182,24.738
-112.149,25.47
-112.777,26.322
-113.465,26.768
-114.466,27.142
-115.055,27.723
-114.199,28.115
-114.932,29.279
-115.519,29.556
-115.887,30.181
-116.258,30.836
-116.722,31.636
-117.128,32.535
-117.944,33.621
-118.52,34.028
-119.439,34.348
-120.368,34.447
-120.744,35.157
-121.715,36.162
-122.547,37.552
-122.953,38.114
-123.727,38.952
-123.865,39.767
-124.398,40.313
-124.179,41.142
-124.214,42.0
-124.533,42.766
-124.142,43.708
-124.021,44.616
-123.899,45.523
-124.08,46.865
-124.396,47.72
-124.687,48.184
-123.12,48.04
-122.587,47.096
-122.5,48.18
-122.84,49
-124.91,49.985
-125.625,50.417
-127.436,50.831
-127.993,51.716
-127.85,52.33
-129.13,52.755
-129.305,53.562
-130.515,54.288
-131.086,55.179
-131.967,55.498
-132.25,56.37
-133.539,57.179
-134.078,58.123
-135.038,58.188
-136.628,58.212
-137.8,58.5
-139.868,59.538
-140.825,59.728
-142.574,60.084
-143.959,59.999
-145.926,60.459
-147.114,60.885
-148.224,60.673
-148.018,59.978
-149.728,59.706
-150.608,59.368
-151.716,59.156
-151.41,60.726
-150.347,61.034
-151.896,60.727
-152.578,60.062
-154.019,59.35
-153.288,58.865
-154.232,58.146
-155.307,57.728
-156.308,57.423
-158.117,56.464
-158.433,55.994
-159.603,55.567
-160.29,55.644
-161.223,55.365
-162.238,55.024
-163.069,54.69
-164.786,54.404
-163.848,55.039
-162.87,55.348
-161.804,55.895
-160.564,56.008
-160.071,56.418
-158.684,57.017
-157.723,57.57
-157.55,58.328
-157.042,58.919
-158.195,58.616
-159.059,58.424
-159.712,58.931
-160.355,59.071
-161.355,58.671
-162.055,59.267
-162.518,59.99
-163.818,59.798
-164.662,60.267
-165.346,60.507
-166.121,61.5
-165.734,62.075
-164.919,62.633
-164.563,63.146
-163.753,63.219
-163.067,63.059
-162.261,63.542
-161.534,63.456
-160.773,63.766
-161.518,64.403
-160.778,64.789
-162.453,64.559
-163.546,64.559
-164.961,64.447
-166.425,64.687
-166.845,65.089
-168.111,65.67
-166.705,66.088
-164.475,66.577
-163.653,66.577
-161.678,66.116
-162.49,66.736
-163.72,67.116
-164.431,67.616
-165.39,68.043
-166.764,68.359
-166.205,68.883
-164.431,68.916
-163.169,69.371
-161.909,70.333
-160.935,70.448
-159.039,70.892
-158.12,70.825
-156.581,71.358
-155.068,71.148
-154.344,70.696
-152.21,70.83
-150.74,70.43
-149.72,70.53
-147.613,70.214
-145.69,70.12
-144.92,69.99
-143.589,70.153
-142.073,69.852
-140.986,69.712
-139.121,69.471
-137.546,68.99
-136.504,68.898
-135.626,69.315
-134.415,69.627
-132.929,69.505
-131.431,69.945
-129.795,70.194
-129.108,69.779
-128.362,70.013
-127.447,70.377
-125.756,69.481
-124.425,70.158
-124.29,69.4
-123.061,69.564
-121.472,69.798
-119.943,69.378
-117.603,69.011
-116.226,68.841
-115.247,68.906
-113.898,68.399
-115.305,67.903
-113.497,67.688
-110.798,67.806
-109.946,67.981
-108.88,67.381
-107.792,67.887
-108.813,68.312
-108.167,68.654
-106.95,68.7
-106.15,68.8
-105.343,68.561
-104.338,68.018
-103.221,68.098
-101.454,67.647
-99.902,67.806
-98.443,67.782
-97.669,68.579
-96.12,68.239
-96.126,67.293
-95.489,68.091
-94.685,68.064
-94.233,69.069
-95.304,69.686
-96.471,70.09
-96.391,71.195
-95.209,71.921
-93.89,71.76
-92.878,71.319
-91.52,70.191
-92.407,69.7
-90.547,69.498
-90.551,68.475
-89.215,69.259
-88.02,68.615
-88.317,67.873
-87.35,67.199
-86.306,67.921
-85.577,68.785
-85.522,69.882
-84.101,69.805
-82.623,69.658
-81.28,69.162
-81.964,68.133
-81.259,67.597
-83.345,66.412
-84.735,66.257
-85.769,66.558
-86.068,66.056
-87.031,65.213
-88.483,64.099
-89.914,64.033
-90.704,63.61
-91.933,62.835
-93.157,62.025
-94.242,60.899
-94.629,60.11
-94.685,58.949
-93.215,58.782
-92.765,57.846
-92.297,57.087
-90.898,57.285
-89.04,56.852
-88.04,56.472
-87.324,55.999
-86.071,55.724
-85.012,55.303
-83.361,55.245
-82.273,55.148
-82.436,54.282
-82.125,53.277
-81.401,52.158
-79.913,51.208
-79.143,51.534
-78.602,52.562
-79.124,54.141
-79.83,54.668
-78.229,55.136
-77.096,55.837
-76.541,56.534
-76.623,57.203
-77.302,58.052
-78.517,58.805
-77.337,59.853
-77.773,60.758
-78.107,62.32
-77.411,62.551
-75.696,62.278
-74.668,62.181
-73.84,62.444
-72.909,62.105
-71.677,61.525
-69.59,61.061
-69.62,60.221
-69.288,58.957
-68.375,58.801
-67.65,58.212
-66.202,58.767
-65.245,59.871
-64.584,60.336
-63.805,59.443
-62.502,58.167
-61.397,56.967
-61.799,56.339
-60.469,55.775
-59.57,55.204
-57.975,54.945
-57.333,54.626
-56.937,53.78
-56.158,53.647
-55.756,53.27
-55.683,52.147
-56.409,51.771
-57.127,51.42
-58.775,51.064
-60.033,50.243
-61.724,50.08
-63.863,50.291
-65.363,50.298
-66.399,50.229
-67.236,49.512
-68.511,49.068
-69.954,47.745
-71.105,46.822
-70.255,46.986
-68.65,48.3
-66.552,49.133
-65.056,49.233
-64.171,48.743
-65.115,48.071
-64.799,46.993
-64.472,46.238
-63.173,45.739
-61.521,45.884
-60.518,47.008
-60.449,46.283
-59.803,45.92
-61.04,45.265
-63.255,44.67
-64.247,44.266
-65.364,43.545
-66.123,43.619
-66.162,44.465
-64.425,45.292
-66.026,45.259
-67.137,45.138
-68.033,44.325
-69.06,43.98
-70.116,43.684
-70.645,43.09
-70.825,42.335
-70.495,41.805
-71.12,41.494
-71.854,41.32
-72.876,41.221
-73.71,40.931
-72.241,41.119
-73.345,40.63
-74.257,40.473
-74.178,39.709
-74.906,38.94
-75.528,39.498
-75.072,38.782
-75.377,38.016
-75.94,37.217
-75.722,37.937
-76.233,38.319
-76.35,39.15
-76.329,38.083
-76.99,38.24
-76.302,37.918
-76.259,36.966
-75.868,36.551
-75.727,35.551
-76.363,34.809
-77.398,34.512
-78.055,33.925
-79.061,33.494
-80.301,32.509
-80.865,32.033
-81.336,31.44
-81.49,30.73
-81.314,30.036
-80.98,29.18
-80.536,28.472
-80.057,26.88
-80.132,25.817
-80.381,25.206
-81.172,25.201
-81.71,25.87
-82.24,26.73
-82.705,27.495
-82.65,28.55
-82.93,29.1
-83.71,29.937
-85.109,29.636
-85.773,30.153
-86.4,30.4
-87.53,30.274
-88.418,30.385
-89.18,30.316
-89.43,29.489
-90.155,29.117
-90.88,29.149
-91.627,29.677
-92.499,29.552
-93.226,29.784
-94.69,29.48
-95.6,28.739
-96.594,28.307
-97.14,27.83
-97.38,26.69
-97.14,25.87
-97.528,24.992
-97.703,24.272
-97.776,22.933
-97.699,21.899
-97.389,21.411
-97.189,20.635
-96.526,19.891
-96.292,19.32
-95.901,18.828
-94.839,18.563
-94.426,18.144
-93.549,18.424
-92.786,18.525
-92.037,18.705
-91.408,18.876
-90.772,19.284
-90.534,19.867
-90.451,20.708
-89.601,21.262
-88.544,21.494
-87.658,21.459
-86.812,21.332
-87.383,20.255
-87.621,19.647
-87.837,18.26
-88.285,17.644
-88.355,16.531
-88.931,15.887
-88.19,15.72
-87.368,15.847
-86.441,15.783
-85.683,15.954
-84.527,15.857
-83.774,15.424
-83.147,14.996
-83.412,13.97
-83.552,13.127
-83.473,12.419
-83.72,11.893
-83.809,11.103
-83.402,10.395
-83.016,9.993
-82.546,9.566
-82.546,9.566
-82.208,8.996
-81.439,8.786
-80.522,9.111
-79.915,9.313
-79.021,9.553
-78.056,9.248
-77.353,8.671
-71.712,19.714
-70.807,19.88
-70.214,19.623
-69.769,19.293
-69.254,19.015
-68.318,18.612
-68.689,18.205
-69.624,18.381
-70.517,18.184
-71.4,17.599
-71.708,18.045
-72.372,18.215
-73.455,18.218
-74.458,18.343
-73.45,18.526
-72.695,18.446
-72.792,19.102
-73.415,19.64
-72.58,19.872
-71.712,19.714
14.761,38.144
15.52,38.231
15.16,37.444
15.1,36.62
14.335,36.997
12.431,37.613
13.741,38.035
14.761,38.144
37.539,44.657
38.68,44.28
39.955,43.435
132.371,33.464
132.924,34.06
133.904,34.365
134.638,34.149
134.203,33.201
133.28,33.29
133.015,32.705
132.363,32.989
-16.257,19.097
-16.278,20.093
-17.063,21.0
-16.973,21.886
-16.262,22.679
-15.983,23.723
-15.426,24.359
-14.825,25.104
-14.44,26.254
-13.774,26.619
-13.14,27.64
-12.619,28.038
-11.689,28.149
-10.901,28.832
-10.4,29.099
-9.565,29.934
-9.815,31.178
-9.435,32.038
-8.657,33.24
-7.654,33.697
-6.913,34.11
-6.244,35.146
-5.93,35.76
-4.591,35.331
-3.64,35.4
-2.604,35.179
-1.209,35.715
-0.127,35.889
0.504,36.301
1.467,36.606
3.162,36.784
4.816,36.865
6.262,37.111
7.33,37.118
8.421,36.946
9.51,37.35
10.21,37.23
11.029,37.092
10.6,36.41
10.94,35.699
10.808,34.834
10.15,34.331
10.857,33.769
11.489,33.137
12.663,32.793
13.919,32.712
15.246,32.265
15.714,31.376
16.612,31.182
18.021,30.764
19.086,30.266
20.053,30.986
19.82,31.752
20.134,32.238
20.855,32.707
21.543,32.843
22.896,32.639
23.237,32.191
23.928,32.017
24.921,31.899
26.495,31.586
27.458,31.321
28.45,31.026
29.683,31.187
30.977,31.556
31.688,31.43
31.96,30.934
32.994,31.024
33.773,30.967
34.556,31.549
34.955,32.827
35.482,33.905
35.98,34.61
35.905,35.41
35.782,36.275
36.161,36.651
34.715,36.796
34.027,36.22
32.509,36.108
31.7,36.644
30.622,36.678
29.7,36.144
28.733,36.677
27.641,36.659
27.049,37.653
26.318,38.208
26.805,38.986
26.171,39.464
27.28,40.42
28.82,40.46
29.24,41.22
31.146,41.088
32.348,41.736
33.513,42.019
35.168,42.04
36.913,41.335
38.348,40.949
39.513,41.103
40.373,41.014
41.554,41.536
41.453,42.645
40.875,43.014
39.955,43.435
38.68,44.28
37.539,44.657
36.675,45.245
37.403,45.405
38.233,46.241
37.674,46.637
39.148,47.045
38.224,47.102
37.425,47.022
36.76,46.699
35.824,46.646
34.962,46.273
35.51,45.41
36.53,45.47
35.24,44.94
33.883,44.361
33.326,44.565
32.454,45.327
33.588,45.852
31.744,46.333
30.749,46.583
30.378,46.032
29.603,45.293
29.142,44.82
28.558,43.707
28.039,43.293
27.674,42.578
27.997,42.007
28.988,41.3
27.619,41.0
26.358,40.152
26.043,40.618
25.448,40.853
23.715,40.687
24.408,40.125
23.343,39.961
22.814,40.476
22.85,39.659
23.35,39.19
23.53,38.51
24.025,38.22
23.115,37.92
23.41,37.41
23.154,36.423
21.67,36.845
21.295,37.645
21.12,38.31
20.73,38.77
20.218,39.34
19.96,39.915
19.406,40.251
19.404,41.41
19.162,41.955
18.45,42.48
17.51,42.85
16.93,43.21
16.015,43.507
15.174,44.243
14.902,45.076
14.259,45.234
13.679,45.484
13.142,45.737
12.329,45.382
12.261,44.6
12.589,44.091
13.527,43.588
14.03,42.761
15.143,41.955
15.926,41.961
16.785,41.18
17.519,40.877
18.377,40.356
16.87,40.442
16.449,39.795
17.171,39.425
16.635,38.844
16.101,37.986
15.892,38.751
15.719,39.544
15.414,40.048
14.703,40.605
14.061,40.786
13.628,41.188
12.888,41.253
12.107,41.705
11.192,42.355
10.512,42.931
10.2,43.92
8.889,44.366
7.851,43.767
6.529,43.129
4.557,43.4
3.1,43.075
3.039,41.892
2.092,41.226
0.811,41.015
0.107,40.124
-0.279,39.31
0.111,38.739
-0.467,38.292
-0.683,37.642
-1.438,37.443
-2.146,36.674
-3.416,36.659
-4.369,36.678
-4.995,36.325
-5.377,35.947
-6.237,36.368
-6.52,36.943
-7.454,37.098
-8.383,36.979
-8.746,37.651
-9.287,38.358
-9.447,39.392
-9.048,39.755
-8.769,40.761
-8.991,41.543
-8.984,42.593
-9.393,43.027
-7.978,43.748
-6.754,43.568
-5.412,43.574
-4.348,43.403
-3.518,43.456
-1.901,43.423
-1.384,44.023
-1.194,46.015
-2.226,47.064
-2.963,47.57
-4.492,47.955
-4.592,48.684
-3.296,48.902
-1.617,48.644
-1.933,49.776
-0.989,49.347
1.339,50.127
1.639,50.947
2.514,51.149
3.315,51.346
3.83,51.621
4.706,53.092
6.074,53.51
6.905,53.482
7.936,53.748
8.801,54.021
8.526,54.963
8.12,55.518
8.09,56.54
8.543,57.11
9.424,57.172
10.58,57.73
10.25,56.89
10.912,56.459
10.37,56.19
9.65,55.47
9.922,54.983
10.95,54.364
11.956,54.196
12.518,54.47
13.647,54.076
14.12,53.757
14.803,54.051
16.363,54.513
17.623,54.852
18.621,54.683
19.661,54.426
21.268,55.19
21.056,56.031
21.09,56.784
21.582,57.412
22.524,57.753
23.318,57.006
24.121,57.026
24.313,57.793
23.427,58.613
24.604,59.466
25.864,59.611
26.949,59.446
27.981,59.475
29.118,60.028
28.07,60.504
26.255,60.424
24.497,60.057
22.87,59.846
22.291,60.392
21.322,60.72
21.545,61.705
21.059,62.607
21.536,63.19
22.443,63.818
24.731,64.902
25.398,65.111
23.903,66.007
22.183,65.724
21.214,65.026
21.37,64.414
19.779,63.61
17.848,62.749
17.12,61.341
17.831,60.637
18.788,60.082
17.869,58.954
16.829,58.72
16.448,57.041
15.88,56.104
14.667,56.201
14.101,55.408
12.943,55.362
12.625,56.307
11.788,57.442
11.027,58.856
10.357,59.47
8.382,58.313
7.049,58.079
5.666,58.588
5.308,59.663
4.992,61.971
5.913,62.614
8.553,63.454
10.528,64.486
12.358,65.88
14.761,67.811
16.436,68.563
19.184,69.817
21.378,70.255
23.024,70.202
24.547,71.03
26.37,70.986
28.166,71.185
31.293,70.454
30.005,70.186
31.101,69.558
32.133,69.906
33.775,69.301
36.514,69.063
40.292,67.932
41.06,67.457
40.016,66.266
38.383,66.0
33.919,66.76
33.184,66.633
34.815,65.9
34.944,64.414
36.231,64.109
37.013,63.85
36.54,64.764
37.176,65.143
39.593,64.521
40.436,64.764
39.763,65.497
42.093,66.476
43.016,66.419
43.95,66.069
44.532,66.756
43.698,67.352
44.175,67.962
43.453,68.571
46.25,68.25
46.821,67.69
45.555,67.567
46.349,66.668
47.894,66.885
48.139,67.522
53.717,68.857
54.472,68.808
53.486,68.201
54.753,68.087
55.443,68.439
57.317,68.466
58.802,68.881
59.941,68.278
61.078,68.941
60.03,69.52
60.55,69.85
63.504,69.547
64.888,69.235
68.512,68.092
69.181,68.616
68.164,69.144
66.93,69.455
67.26,69.929
66.725,70.709
68.54,71.934
69.196,72.843
69.94,73.04
72.588,72.776
72.796,72.22
71.848,71.409
72.47,71.09
72.792,70.391
72.565,69.021
73.668,68.408
73.239,67.74
71.28,66.32
72.423,66.173
72.821,66.533
73.921,66.789
74.187,67.284
75.052,67.76
74.469,68.329
74.936,68.989
73.842,69.071
73.602,69.628
74.4,70.632
73.101,71.447
74.891,72.121
74.659,72.832
75.684,72.301
75.289,71.336
76.359,71.153
75.903,71.874
77.577,72.267
79.652,72.32
81.5,71.75
80.611,72.583
80.511,73.648
82.25,73.85
84.655,73.806
86.822,73.937
86.01,74.46
87.167,75.116
88.316,75.144
90.26,75.64
92.901,75.773
95.86,76.14
96.678,75.915
98.923,76.447
100.76,76.43
101.991,77.288
104.352,77.698
106.067,77.374
104.705,77.127
106.97,76.974
107.24,76.48
108.154,76.723
111.077,76.71
113.332,76.222
114.134,75.848
113.885,75.328
112.779,75.032
110.151,74.477
109.4,74.18
110.64,74.04
112.119,73.788
113.02,73.977
113.53,73.335
115.568,73.753
118.776,73.588
123.201,72.971
123.258,73.735
125.38,73.56
126.976,73.565
128.591,73.039
129.052,72.399
128.46,71.98
129.716,71.193
131.289,70.787
132.254,71.836
133.858,71.386
135.562,71.655
137.498,71.348
138.234,71.628
139.87,71.488
139.148,72.416
140.468,72.849
149.5,72.2
150.351,71.606
152.969,70.842
157.007,71.031
158.998,70.867
159.83,70.453
159.709,69.722
160.941,69.437
162.279,69.642
164.052,69.668
165.94,69.472
167.863,69.569
169.578,68.694
170.817,69.014
170.008,69.653
170.453,70.097
173.644,69.817
175.724,69.877
178.6,69.4
180,68.964
180,64.98
178.707,64.535
177.411,64.608
178.313,64.076
178.908,63.252
179.486,62.569
177.364,62.522
174.569,61.769
173.68,61.653
172.15,60.95
170.698,60.336
170.331,59.882
168.9,60.574
166.295,59.789
165.84,60.16
164.877,59.732
163.539,59.869
163.217,59.211
162.017,58.243
163.192,57.615
163.058,56.159
162.126,56.116
161.701,55.286
162.117,54.855
160.369,54.344
160.022,53.203
158.531,52.959
158.231,51.943
156.79,51.011
156.42,51.7
155.992,53.159
155.434,55.381
155.914,56.768
156.758,57.365
158.364,58.056
160.151,59.315
161.872,60.343
163.67,61.141
164.474,62.551
163.258,62.466
162.658,61.642
160.121,60.544
159.302,61.774
156.721,61.434
154.218,59.758
155.044,59.145
152.812,58.884
151.266,58.781
151.338,59.504
149.784,59.656
148.545,59.164
145.487,59.336
142.198,59.04
138.958,57.088
135.126,54.73
136.702,54.604
137.193,53.977
138.165,53.755
138.805,54.255
139.902,54.19
141.345,53.09
141.379,52.239
140.597,51.24
140.513,50.046
140.062,48.447
138.555,47.0
138.22,46.308
136.862,45.143
135.515,43.989
134.869,43.398
133.537,42.811
132.278,43.285
130.936,42.553
130.4,42.28
129.966,41.941
129.705,40.883
129.01,40.485
127.967,40.025
127.502,39.324
128.35,38.612
129.213,37.432
129.46,36.784
129.468,35.632
129.091,35.082
128.186,34.89
127.387,34.476
126.486,34.39
126.559,35.685
126.117,36.725
126.86,36.894
126.175,37.75
125.275,37.669
124.712,38.108
125.222,38.666
125.387,39.388
124.737,39.66
122.868,39.638
122.131,39.17
121.055,38.897
121.586,39.361
122.169,40.422
121.64,40.946
120.769,40.593
119.64,39.898
119.023,39.252
118.043,39.204
117.533,38.738
118.06,38.061
118.878,37.897
119.703,37.156
120.823,37.87
121.711,37.481
122.52,36.931
121.104,36.651
120.637,36.111
119.665,35.61
119.151,34.91
120.228,34.36
120.62,33.377
121.229,32.46
121.908,31.692
121.892,30.949
121.264,30.676
121.504,30.143
122.092,29.833
121.938,29.018
121.684,28.226
120.395,27.053
119.585,25.741
118.657,24.547
117.282,23.625
115.891,22.783
114.764,22.668
114.153,22.224
113.241,22.051
111.844,21.55
110.785,21.397
110.509,20.565
109.89,20.282
109.628,21.008
108.523,21.715
106.715,20.697
105.882,19.752
105.662,19.058
106.427,18.004
107.362,16.697
108.269,16.08
108.877,15.277
109.335,13.426
109.2,11.667
108.366,11.008
107.221,10.364
106.405,9.531
105.158,8.6
104.795,9.241
105.076,9.918
104.334,10.487
103.497,10.633
103.091,11.154
102.585,12.187
101.687,12.646
100.832,12.627
100.978,13.413
100.098,13.407
100.019,12.307
99.479,10.846
99.154,9.963
99.222,9.239
100.28,8.295
100.459,7.43
101.017,6.857
102.141,6.222
102.962,5.524
103.381,4.855
103.332,3.727
103.502,2.791
104.248,1.631
103.52,1.226
102.574,1.967
101.391,2.761
100.695,3.939
100.557,4.767
100.197,5.312
100.306,6.041
99.691,6.848
98.988,7.908
98.504,8.382
98.34,7.795
98.259,8.974
98.554,9.933
98.457,10.675
98.765,11.441
98.428,12.033
98.51,13.122
98.104,13.64
97.778,14.837
97.597,16.101
97.165,16.929
96.506,16.427
95.369,15.714
94.189,16.038
94.533,17.277
94.325,18.214
93.541,19.366
93.078,19.855
92.369,20.671
92.083,21.192
91.835,22.183
91.417,22.765
90.496,22.805
90.273,21.836
89.419,21.966
88.889,21.691
86.976,21.496
87.033,20.743
86.499,20.152
85.06,19.479
83.941,18.302
83.189,17.671
82.193,17.017
81.693,16.31
80.792,15.952
80.025,15.136
80.233,13.836
80.286,13.006
79.863,12.056
79.858,10.357
78.885,9.546
78.278,8.933
77.941,8.253
76.593,8.899
76.13,10.3
75.746,11.308
75.396,11.781
74.865,12.742
74.617,13.993
74.444,14.617
73.534,15.991
73.12,17.929
72.821,19.208
72.824,20.42
72.631,21.356
71.175,20.757
70.47,20.877
69.164,22.089
69.645,22.451
68.177,23.692
67.444,23.945
67.145,24.664
66.373,25.425
64.53,25.237
62.906,25.218
61.497,25.078
59.616,25.38
58.526,25.61
57.397,25.74
56.971,26.966
55.724,26.965
54.715,26.481
53.493,26.812
52.484,27.581
51.521,27.866
50.853,28.815
50.115,30.148
48.941,30.317
48.568,29.927
48.183,29.534
48.416,28.552
48.808,27.69
49.471,27.11
50.152,26.69
50.113,25.944
50.527,25.328
50.81,24.755
50.744,25.482
51.013,26.007
51.589,25.801
51.39,24.627
51.794,24.02
52.577,24.177
53.404,24.151
54.693,24.798
55.439,25.439
56.071,26.055
56.397,24.925
56.845,24.242
57.403,23.879
58.137,23.748
58.729,23.566
59.181,22.992
59.808,22.534
59.442,21.715
58.861,21.114
58.488,20.429
57.826,20.243
57.789,19.068
56.61,18.574
56.284,17.876
55.27,17.632
54.791,16.951
53.571,16.708
52.385,16.382
52.168,15.597
51.173,15.175
49.575,14.709
48.679,14.003
47.354,13.592
46.717,13.4
45.878,13.348
45.406,13.027
44.495,12.722
43.483,12.637
43.223,13.221
43.088,14.063
42.892,14.802
42.702,15.719
42.65,16.775
42.271,17.475
41.754,17.833
41.221,18.672
40.939,19.486
40.248,20.175
39.139,21.292
39.024,21.987
38.493,23.688
38.024,24.079
37.155,24.858
36.932,25.603
36.249,26.57
35.64,27.377
35.13,28.063
34.788,28.607
34.956,29.357
34.427,28.344
34.155,27.823
33.137,28.418
32.423,29.851
32.735,28.705
33.349,27.7
34.105,26.142
34.474,25.599
34.795,25.034
35.692,23.927
35.526,23.102
36.691,22.205
37.189,21.019
37.115,19.808
37.482,18.614
38.41,17.998
38.991,16.841
39.266,15.923
39.814,15.436
41.179,14.491
41.735,13.921
42.277,13.344
43.081,12.7
43.286,11.975
42.716,11.736
43.471,11.278
44.118,10.446
45.557,10.698
46.645,10.817
47.526,11.127
48.379,11.375
49.268,11.43
50.259,11.68
50.732,12.022
51.042,11.167
50.834,10.28
50.552,9.199
50.071,8.082
49.453,6.805
48.595,5.339
47.741,4.219
46.565,2.855
45.564,2.046
44.068,1.053
43.136,0.292
42.042,-0.919
41.811,-1.446
40.885,-2.083
40.263,-2.573
40.121,-3.278
39.605,-4.347
38.741,-5.909
39.44,-6.84
39.195,-7.704
39.187,-8.486
39.536,-9.112
39.95,-10.098
40.478,-10.765
40.437,-11.762
40.561,-12.639
40.6,-14.202
40.477,-15.406
40.089,-16.101
39.453,-16.721
38.538,-17.101
37.411,-17.586
36.281,-18.66
35.198,-19.553
34.702,-20.497
35.176,-21.254
35.373,-21.841
35.534,-23.071
35.459,-24.123
35.041,-24.478
34.216,-24.816
33.013,-25.358
32.575,-25.727
32.916,-26.216
32.58,-27.47
32.462,-28.301
31.521,-29.257
30.902,-29.91
30.623,-30.424
30.056,-31.14
28.926,-32.172
28.22,-32.772
27.465,-33.227
26.419,-33.615
25.781,-33.945
25.173,-33.797
23.594,-33.794
22.574,-33.864
21.543,-34.259
20.689,-34.417
20.071,-34.795
19.193,-34.463
18.425,-33.998
18.25,-33.281
17.925,-32.611
18.222,-31.662
17.567,-30.726
17.064,-29.879
16.345,-28.577
15.602,-27.821
15.21,-27.091
14.99,-26.117
14.743,-25.393
14.408,-23.853
14.386,-22.657
13.869,-21.699
13.352,-20.873
12.827,-19.673
12.609,-19.045
11.795,-18.069
11.734,-17.302
11.779,-15.794
12.124,-14.878
12.5,-13.548
13.313,-12.484
13.634,-12.039
13.739,-11.298
13.387,-10.374
13.121,-9.767
12.875,-9.167
13.236,-8.563
12.933,-7.597
12.728,-6.927
12.227,-6.294
11.915,-5.038
11.094,-3.979
10.066,-2.969
9.405,-2.144
8.798,-1.111
9.048,-0.459
9.291,0.269
9.493,1.01
9.649,2.284
9.795,3.073
9.404,3.735
8.745,4.352
7.462,4.412
6.698,4.241
5.898,4.262
5.363,4.888
5.034,5.612
4.326,6.271
3.574,6.258
2.692,6.259
1.865,6.142
1.06,5.929
-0.508,5.343
-1.064,5.001
-1.965,4.71
-2.856,4.994
-4.009,5.18
-5.834,4.994
-6.529,4.705
-7.519,4.338
-9.005,4.832
-9.913,5.594
-10.765,6.141
-11.439,6.786
-12.428,7.263
-12.949,7.799
-13.247,8.903
-13.685,9.495
-14.074,9.886
-14.58,10.214
-14.84,10.877
-15.664,11.458
-16.315,11.807
-16.677,12.385
-16.842,13.151
-17.126,14.374
-17.625,14.73
-16.701,15.622
-16.463,16.135
-16.271,17.167
-16.146,18.108
-16.257,19.097
-177.55,68.2
-180.0,68.964
-180.0,-16.067
125.947,-8.432
126.957,-8.273
125.926,-9.106
125.089,-9.393
124.436,-10.14
123.58,-10.36
123.98,-9.29
124.969,-8.893
125.947,-8.432
-180,-84.713
-179.059,-84.139
-177.257,-84.453
-176.085,-84.099
-174.383,-84.534
-173.117,-84.118
-169.951,-83.885
-169.0,-84.118
-167.022,-84.57
-164.182,-84.825
-161.93,-85.139
-158.071,-85.374
-155.192,-85.1
-150.942,-85.296
-148.533,-85.609
-145.889,-85.315
-143.108,-85.041
-146.829,-84.531
-150.061,-84.296
-150.903,-83.904
-153.586,-83.689
-153.038,-82.827
-152.862,-82.043
-154.526,-81.768
-155.29,-81.416
-156.837,-81.102
-154.409,-81.161
-152.098,-81.004
-150.648,-81.337
-148.866,-81.043
-147.221,-80.671
-146.418,-80.338
-146.77,-79.926
-148.063,-79.652
-149.532,-79.358
-151.588,-79.299
-153.39,-79.162
-155.329,-79.064
-155.976,-78.692
-157.268,-78.378
-158.052,-78.026
-158.365,-76.889
-156.975,-77.301
-155.329,-77.203
-153.743,-77.066
-152.92,-77.497
-151.334,-77.399
-150.002,-77.183
-148.748,-76.909
-147.612,-76.576
-146.104,-76.478
-146.496,-75.733
-144.91,-75.204
-144.322,-75.537
-142.794,-75.341
-141.639,-75.086
-140.209,-75.067
-138.858,-74.969
-137.506,-74.734
-136.429,-74.518
-135.215,-74.303
-134.431,-74.361
-133.746,-74.44
-132.257,-74.303
-130.925,-74.479
-129.554,-74.459
-128.242,-74.322
-126.891,-74.42
-125.402,-74.518
-124.011,-74.479
-122.562,-74.499
-121.074,-74.518
-119.703,-74.479
-118.684,-74.185
-117.47,-74.028
-116.216,-74.244
-115.022,-74.068
-113.944,-73.715
-113.298,-74.028
-112.299,-74.714
-111.261,-74.42
-110.066,-74.793
-108.715,-74.91
-107.559,-75.184
-106.149,-75.126
-104.876,-74.949
-103.368,-74.988
-102.017,-75.126
-100.646,-75.302
-100.117,-74.871
-100.763,-74.538
-101.253,-74.185
-102.545,-74.107
-103.113,-73.734
-103.681,-72.618
-102.917,-72.755
-101.605,-72.813
-100.313,-72.755
-99.137,-72.911
-98.119,-73.205
-97.688,-73.558
-96.337,-73.617
-95.044,-73.48
-93.673,-73.284
-92.439,-73.166
-91.421,-73.401
-90.089,-73.323
-89.227,-72.559
-88.424,-73.009
-87.268,-73.186
-86.015,-73.088
-85.192,-73.48
-83.88,-73.519
-82.666,-73.636
-81.471,-73.852
-80.687,-73.48
-79.297,-73.519
-77.926,-73.421
-76.907,-73.636
-76.222,-73.97
-74.89,-73.872
-73.852,-73.656
-72.834,-73.401
-71.619,-73.264
-70.209,-73.147
-68.936,-73.009
-67.957,-72.794
-67.369,-72.48
-67.252,-71.638
-67.917,-70.854
-68.485,-70.109
-68.446,-69.326
-67.976,-68.953
-67.585,-68.542
-67.624,-67.719
-67.252,-66.876
-66.703,-66.582
-66.057,-66.21
-65.371,-65.896
-64.568,-65.603
-64.177,-65.171
-63.628,-64.897
-63.001,-64.642
-62.042,-64.584
-61.415,-64.27
-60.71,-64.074
-59.887,-63.957
-59.163,-63.702
-58.595,-63.388
-57.811,-63.271
-57.224,-63.525
-58.614,-64.152
-59.789,-64.211
-60.612,-64.309
-61.297,-64.544
-62.022,-64.799
-62.512,-65.093
-62.59,-65.857
-62.12,-66.19
-62.806,-66.426
-63.746,-66.504
-64.294,-66.837
-64.882,-67.15
-65.508,-67.582
-65.313,-68.365
-64.784,-68.679
-63.961,-68.914
-63.197,-69.228
-62.786,-69.619
-62.277,-70.384
-61.807,-70.717
-61.376,-72.01
-61.004,-72.774
-60.827,-73.695
-61.376,-74.107
-61.963,-74.44
-63.295,-74.577
-63.746,-74.93
-64.353,-75.263
-65.861,-75.635
-67.193,-75.792
-68.446,-76.007
-69.798,-76.223
-70.601,-76.634
-72.207,-76.674
-73.97,-76.634
-75.556,-76.713
-77.24,-76.713
-75.399,-77.281
-74.283,-77.555
-73.656,-77.908
-74.773,-78.222
-76.496,-78.124
-77.926,-78.378
-78.024,-79.182
-76.849,-79.515
-75.36,-80.26
-73.245,-80.416
-71.443,-80.691
-70.013,-81.004
-68.192,-81.318
-65.704,-81.474
-63.256,-81.749
-61.552,-82.043
-59.691,-82.376
-58.712,-82.846
-58.222,-83.218
-57.008,-82.866
-55.363,-82.572
-53.62,-82.258
-51.544,-82.004
-49.761,-81.729
-47.274,-81.71
-44.826,-81.847
-42.808,-82.082
-42.162,-81.651
-40.771,-81.357
-38.245,-81.337
-36.267,-81.122
-34.386,-80.906
-32.31,-80.769
-30.097,-80.593
-28.55,-80.338
-29.255,-79.985
-29.686,-79.633
-31.625,-79.299
-33.681,-79.456
-35.64,-79.456
-35.777,-78.339
-33.897,-77.889
-32.212,-77.653
-30.998,-77.36
-29.784,-77.066
-28.883,-76.674
-27.512,-76.497
-26.16,-76.36
-25.475,-76.282
-23.928,-76.243
-22.459,-76.105
-21.225,-75.909
-20.01,-75.674
-18.914,-75.439
-17.523,-75.126
-16.642,-74.793
-15.701,-74.499
-16.465,-73.872
-16.113,-73.46
-15.447,-73.147
-14.409,-72.951
-13.312,-72.715
-12.294,-72.402
-11.51,-72.01
-11.02,-71.54
-10.296,-71.265
-9.101,-71.324
-8.611,-71.657
-7.417,-71.697
-6.868,-70.932
-5.791,-71.03
-4.342,-71.461
-3.049,-71.285
-1.795,-71.167
-0.659,-71.226
-0.229,-71.638
0.868,-71.305
1.887,-71.128
3.023,-70.991
4.139,-70.854
5.158,-70.619
6.274,-70.462
7.136,-70.247
7.743,-69.894
8.487,-70.149
9.525,-70.011
10.25,-70.482
10.818,-70.834
11.954,-70.638
12.404,-70.247
13.423,-69.972
14.735,-70.031
15.127,-70.403
15.949,-70.031
17.027,-69.913
18.202,-69.874
19.259,-69.894
20.376,-70.011
21.453,-70.07
21.923,-70.403
22.569,-70.697
23.666,-70.521
24.841,-70.482
25.977,-70.482
27.094,-70.462
28.093,-70.325
29.15,-70.207
30.032,-69.933
30.972,-69.757
31.99,-69.659
32.754,-69.384
33.302,-68.836
33.87,-68.503
34.908,-68.659
36.162,-69.247
37.2,-69.169
37.905,-69.521
38.649,-69.776
39.668,-69.541
40.02,-69.11
40.921,-68.934
41.959,-68.601
42.939,-68.463
44.114,-68.267
44.897,-68.052
45.72,-67.817
46.503,-67.601
47.443,-67.719
48.344,-67.366
48.991,-67.092
49.931,-67.111
50.753,-66.876
51.792,-66.249
52.614,-66.053
53.613,-65.896
54.534,-65.818
55.415,-65.877
56.355,-65.975
57.158,-66.249
58.137,-67.013
58.745,-67.288
59.939,-67.405
60.605,-67.68
61.428,-67.954
62.387,-68.013
63.19,-67.817
64.052,-67.405
64.992,-67.621
65.972,-67.738
66.912,-67.856
67.891,-67.934
68.89,-67.934
69.713,-68.973
69.556,-69.678
68.596,-69.933
67.813,-70.305
69.066,-70.678
68.42,-71.442
67.95,-71.853
68.714,-72.167
69.869,-72.265
71.025,-72.088
71.573,-71.697
72.455,-71.011
73.081,-70.717
73.865,-69.874
75.628,-69.737
76.626,-69.619
77.645,-69.463
78.135,-69.071
79.114,-68.326
80.093,-68.072
80.935,-67.876
81.484,-67.542
82.776,-67.209
83.775,-67.307
84.676,-67.209
85.656,-67.092
86.752,-67.15
87.477,-66.876
87.986,-66.21
88.828,-66.955
89.671,-67.15
90.63,-67.229
91.59,-67.111
92.609,-67.19
93.549,-67.209
95.018,-67.17
95.781,-67.386
96.682,-67.249
97.76,-67.249
98.68,-67.111
99.718,-67.249
100.384,-66.915
100.893,-66.582
101.579,-66.308
102.832,-65.563
103.479,-65.7
104.243,-65.975
104.908,-66.328
106.182,-66.935
107.161,-66.955
108.081,-66.955
109.159,-66.837
110.236,-66.7
111.058,-66.426
111.744,-66.132
112.86,-66.092
113.605,-65.877
114.388,-66.073
114.897,-66.386
115.602,-66.7
116.699,-66.661
117.385,-66.915
118.579,-67.17
119.833,-67.268
120.871,-67.19
121.654,-66.876
122.32,-66.563
123.221,-66.484
124.122,-66.621
125.16,-66.719
126.1,-66.563
127.001,-66.563
127.883,-66.661
128.803,-66.759
129.704,-66.582
130.781,-66.426
131.8,-66.386
132.936,-66.386
133.856,-66.288
134.757,-66.21
135.032,-65.72
135.697,-65.583
136.207,-66.445
137.46,-66.955
138.596,-66.896
139.908,-66.876
140.809,-66.817
142.122,-66.817
143.062,-66.798
144.374,-66.837
145.49,-66.915
146.196,-67.229
146.646,-67.895
147.723,-68.13
148.84,-68.385
150.132,-68.561
151.484,-68.718
152.502,-68.875
153.638,-68.895
154.285,-68.561
155.166,-68.836
155.93,-69.149
156.811,-69.384
158.026,-69.482
159.181,-69.6
159.671,-69.992
160.807,-70.227
161.57,-70.58
162.687,-70.736
163.842,-70.717
164.92,-70.776
166.114,-70.756
167.309,-70.834
168.426,-70.971
169.464,-71.207
170.502,-71.403
171.207,-71.697
170.56,-72.441
170.11,-72.892
169.287,-73.656
167.975,-73.813
167.387,-74.165
166.095,-74.381
165.644,-74.773
164.959,-75.145
164.234,-75.459
163.823,-75.87
163.47,-76.693
164.058,-77.457
164.743,-78.183
166.604,-78.32
166.996,-78.751
165.194,-78.907
163.666,-79.123
161.766,-79.162
160.924,-79.73
160.317,-80.573
159.788,-80.945
161.12,-81.279
161.629,-81.69
162.491,-82.062
163.705,-82.395
165.096,-82.709
166.604,-83.022
168.896,-83.336
169.405,-83.826
172.284,-84.041
173.224,-84.414
175.986,-84.159
178.277,-84.473
180,-84.713
-180,68.964
-177.55,68.2
-174.928,67.206
-174.34,66.336
-174.572,67.062
-171.857,66.913
-169.9,65.977
-170.891,65.541
-172.53,65.438
-172.555,64.461
-173.892,64.283
-174.654,64.631
-175.984,64.923
-177.223,65.52
-178.36,65.391
-178.903,65.74
-179.884,65.875
-179.433,65.404
-180,64.98
-180,71.516
-179.024,71.556
-177.578,71.269
-178.694,70.893
-180,70.832
180,70.832
178.903,70.781
180,71.516
180,-16.555
179.364,-16.801
178.725,-17.012
179.097,-16.434
180,-16.067
-61.2,-51.85
-60,-51.25
-59.15,-51.5
-58.55,-51.1
-57.75,-51.55
-59.4,-52.2
-59.85,-51.85
-60.7,-52.3
-61.2,-51.85
68.935,-48.625
69.58,-48.94
70.525,-49.065
70.28,-49.71
68.745,-49.775
68.868,-48.83
178.126,-17.505
178.553,-18.151
177.933,-18.288
177.285,-17.725
178.126,-17.505
-61.68,10.76
-60.895,10.855
-60.935,10.11
-61.77,10
-61.68,10.76
-155.402,20.08
-154.807,19.509
-155.542,19.083
-156.073,19.703
-155.861,20.267
-155.996,20.764
-156.702,20.864
-155.996,20.764
-156.758,21.177
-158.025,21.717
-157.653,21.322
-158.254,21.539
-159.366,22.215
-78.191,25.21
-77.54,24.34
-77.78,23.71
-78.034,24.286
-78.191,25.21
-78.98,26.79
-77.85,26.84
-78.91,26.42
-77.79,27.04
-77,26.59
-77.173,25.879
-77.34,26.53
-77.788,26.925
-64.015,47.036
-63.664,46.55
-62.939,46.416
-62.012,46.443
-62.504,46.033
-64.143,46.393
-64.015,47.036
46.682,44.609
47.676,45.641
48.645,45.806
49.101,46.399
50.034,46.609
51.192,47.049
52.042,46.805
53.043,46.853
53.221,46.235
53.041,45.259
52.167,45.408
51.317,45.246
51.279,44.515
50.306,44.61
50.891,44.031
51.342,43.133
52.501,42.792
52.446,42.027
52.815,41.135
52.917,41.868
53.722,42.123
54.008,41.551
54.737,40.951
53.858,40.631
52.915,40.877
52.694,40.034
53.101,39.291
53.881,38.952
53.736,37.906
53.922,37.199
52.264,36.7
50.842,36.873
50.148,37.375
49.2,37.583
48.883,38.32
49.223,39.049
49.569,40.176
50.393,40.257
49.619,40.573
49.11,41.282
48.584,41.809
47.493,42.987
47.591,43.66
46.682,44.609
-64.519,49.873
-62.858,49.706
-61.836,49.289
-63.589,49.401
-64.519,49.873
-80.315,62.086
-79.52,62.364
-79.658,61.633
-80.362,62.016
-83.994,62.453
-83.25,62.914
-81.877,62.905
-83.069,62.159
-83.994,62.453
-75.216,67.444
-75.866,67.149
-76.987,67.099
-76.812,68.149
-75.895,68.287
-75.115,68.01
-96.557,69.68
-95.648,69.108
-96.27,68.757
-97.617,69.06
-98.432,68.951
-99.797,69.4
-98.917,69.71
-98.218,70.144
-97.157,69.86
-96.557,69.68
-106.523,73.076
-105.402,72.673
-104.775,71.698
-104.465,70.993
-102.785,70.498
-100.981,70.024
-102.731,69.504
-102.093,69.12
-104.24,68.91
-105.96,69.18
-107.123,69.119
-109,68.78
-111.534,68.63
-113.313,68.536
-113.855,69.007
-115.22,69.28
-116.108,69.168
-117.34,69.96
-116.675,70.067
-115.131,70.237
-113.721,70.192
-112.416,70.366
-114.35,70.6
-116.487,70.52
-117.905,70.541
-118.432,70.909
-116.113,71.309
-117.656,71.295
-119.402,71.559
-118.563,72.308
-117.866,72.706
-115.189,73.315
-114.167,73.121
-114.666,72.653
-112.441,72.955
-111.05,72.45
-109.92,72.961
-109.007,72.633
-108.188,71.651
-107.686,72.065
-108.396,73.09
-107.516,73.236
-106.523,73.076
-79.776,72.803
-80.876,73.333
-80.353,73.76
-78.064,73.652
-76.34,73.103
-77.314,72.856
-78.392,72.877
-79.486,72.742
139.863,73.37
140.812,73.765
142.062,73.858
143.483,73.475
142.088,73.205
140.038,73.317
148.222,75.346
150.732,75.084
149.576,74.689
147.977,74.778
146.119,75.173
148.222,75.346
138.831,76.137
141.472,76.093
145.086,75.563
144.3,74.82
140.614,74.848
138.955,74.611
136.974,75.262
137.512,75.949
138.831,76.137
-98.577,76.589
-97.736,76.257
-98.16,75
-99.809,74.897
-100.884,75.057
-102.502,75.564
-102.566,76.337
-101.49,76.305
-99.983,76.646
-98.577,76.589
102.838,79.281
105.372,78.713
99.438,77.921
101.265,79.234
102.086,79.346
102.838,79.281
93.778,81.025
95.941,81.25
97.884,80.747
100.187,79.78
99.94,78.881
97.758,78.756
94.973,79.045
93.313,79.427
92.545,80.144
91.181,80.341
93.778,81.025
-96.016,80.602
-95.323,80.907
-94.298,80.977
-92.41,81.257
-91.133,80.723
-87.81,80.32
-87.02,79.66
-85.814,79.337
-87.188,79.039
-89.035,78.287
-90.804,78.215
-92.877,78.343
-93.951,78.751
-93.145,79.38
-94.974,79.372
-96.076,79.705
-96.71,80.158
-96.016,80.602
-91.587,81.894
-90.1,82.085
-88.932,82.118
-86.97,82.28
-85.5,82.652
-84.26,82.6
-83.18,82.32
-82.42,82.86
-81.1,83.02
-79.307,83.131
-76.25,83.172
-72.832,83.233
-70.666,83.17
-68.5,83.106
-65.827,83.028
-63.68,82.9
-61.85,82.629
-64.334,81.928
-66.753,81.725
-67.658,81.501
-65.48,81.507
-67.84,80.9
-69.47,80.617
-71.18,79.8
-73.243,79.634
-73.88,79.43
-76.908,79.323
-75.529,79.198
-76.22,79.019
-75.393,78.526
-76.344,78.183
-77.889,77.9
-78.363,77.509
-79.76,77.21
-77.911,77.022
-80.561,76.178
-83.174,76.454
-86.112,76.299
-87.6,76.42
-89.491,76.472
-87.767,77.178
-88.26,77.9
-84.976,77.539
-86.34,78.18
-87.962,78.372
-87.152,78.759
-85.379,78.997
-86.507,79.736
-86.932,80.251
-84.198,80.208
-83.409,80.1
-81.848,80.464
-84.1,80.58
-87.599,80.516
-89.367,80.856
-90.2,81.26
-91.368,81.553
-46.764,82.628
-43.406,83.225
-39.898,83.18
-38.622,83.549
-35.088,83.645
-27.1,83.52
-20.845,82.727
-22.692,82.342
-26.518,82.298
-31.9,82.2
-27.857,82.132
-24.844,81.787
-22.903,82.093
-22.072,81.734
-23.17,81.153
-20.624,81.525
-15.768,81.912
-12.77,81.719
-12.209,81.292
-16.285,80.58
-16.85,80.35
-20.046,80.177
-17.73,80.129
-18.9,79.4
-19.705,78.751
-19.674,77.639
-18.473,76.986
-20.035,76.944
-21.679,76.628
-19.834,76.098
-19.599,75.248
-20.668,75.156
-19.373,74.296
-21.594,74.224
-20.435,73.817
-22.172,73.31
-23.566,73.307
-22.313,72.629
-24.278,72.598
-24.793,72.33
-23.443,72.08
-22.133,71.469
-21.754,70.664
-23.536,70.471
-24.307,70.856
-25.543,71.431
-25.201,70.752
-26.363,70.226
-23.727,70.184
-22.349,70.129
-25.029,69.259
-27.747,68.47
-30.674,68.125
-31.777,68.121
-32.811,67.735
-34.202,66.68
-36.353,65.979
-38.375,65.692
-39.812,65.458
-40.669,64.84
-41.189,63.482
-42.819,62.682
-42.417,61.901
-42.866,61.074
-43.378,60.098
-44.788,60.037
-46.264,60.853
-48.263,60.858
-49.233,61.407
-49.9,62.383
-51.633,63.627
-52.14,64.278
-52.277,65.177
-53.662,66.1
-53.302,66.837
-53.969,67.189
-52.98,68.358
-51.475,68.73
-51.08,69.148
-50.871,69.929
-52.014,69.575
-53.456,69.284
-54.683,69.61
-54.359,70.821
-53.431,70.836
-51.39,70.57
-53.109,71.205
-54.004,71.547
-55,71.407
-55.835,71.654
-54.718,72.586
-55.326,72.959
-56.12,73.65
-57.324,74.71
-58.597,75.099
-61.269,76.102
-63.392,76.175
-66.064,76.135
-68.504,76.061
-69.665,76.38
-71.403,77.009
-68.777,77.323
-66.764,77.376
-71.043,77.636
-73.297,78.044
-69.373,78.914
-65.711,79.394
-65.324,79.758
-68.023,80.117
-67.151,80.516
-63.689,81.214
-62.234,81.321
-62.651,81.77
-60.282,82.034
-57.207,82.191
-54.134,82.2
-53.043,81.888
-50.391,82.439
-48.004,82.065
-46.6,81.986
-44.523,81.661
-46.901,82.2
-106.6,73.6
-105.26,73.64
-104.5,73.42
-105.38,72.76
-106.94,73.46
